PK_Md,reviewId,product,reviewDate,reviewerName,review,rating,recommendation,url
0fd8e23cca352854a7ae750538684cc6,0c883e25a471751c7ef96ffb,Apple Pre-Owned iPhone 12 5G 64GB (Unlocked) Black A2172,2023-08-19,EmilyL,For preowned this is 100% great quality cant even tell it isnt brand new.,5,True,https://www.bestbuy.com/site/reviews/apple-pre-owned-iphone-12-5g-64gb-unlocked-black/6530509?variant=A&skuId=6530509&sort=MOST_RECENT&page=1
0fd8e23cca352854a7ae750538684cc6,c77d3cd1bf93ea091ddd30de,Apple Pre-Owned iPhone 12 5G 64GB (Unlocked) Black A2172,2023-08-18,KoleF,Very great phone no scratches or anything! I was concerned because the box it came in had gotten damaged during shipping but the phone was fine! Battery charges well came with a charger.. Highly recommend buying from Best Buy over all others!,5,True,https://www.bestbuy.com/site/reviews/apple-pre-owned-iphone-12-5g-64gb-unlocked-black/6530509?variant=A&skuId=6530509&sort=MOST_RECENT&page=1
0fd8e23cca352854a7ae750538684cc6,39713b4e946eb5256047ee93,Apple Pre-Owned iPhone 12 5G 64GB (Unlocked) Black A2172,2023-08-18,NoahK,So far so good  being refurbished this wasnt bad . Had to pull out three phones to find one that looked good though.,4,True,https://www.bestbuy.com/site/reviews/apple-pre-owned-iphone-12-5g-64gb-unlocked-black/6530509?variant=A&skuId=6530509&sort=MOST_RECENT&page=1
0fd8e23cca352854a7ae750538684cc6,77f43fe2a3b50bda8c8308e6,Apple Pre-Owned iPhone 12 5G 64GB (Unlocked) Black A2172,2023-08-12,John,Works like a new phone. Service at best buy was super.,5,True,https://www.bestbuy.com/site/reviews/apple-pre-owned-iphone-12-5g-64gb-unlocked-black/6530509?variant=A&skuId=6530509&sort=MOST_RECENT&page=1
0fd8e23cca352854a7ae750538684cc6,eaf8372e811423b0e8bf9adc,Apple Pre-Owned iPhone 12 5G 64GB (Unlocked) Black A2172,2023-08-11,IlsaR,I love the phone it works amazing I love the camera it has,5,True,https://www.bestbuy.com/site/reviews/apple-pre-owned-iphone-12-5g-64gb-unlocked-black/6530509?variant=A&skuId=6530509&sort=MOST_RECENT&page=1
0fd8e23cca352854a7ae750538684cc6,950d3b7fa796a9f2b163312c,Apple Pre-Owned iPhone 12 5G 64GB (Unlocked) Black A2172,2023-08-09,OzielF,great phone my mom loved it for a reasonable price,5,True,https://www.bestbuy.com/site/reviews/apple-pre-owned-iphone-12-5g-64gb-unlocked-black/6530509?variant=A&skuId=6530509&sort=MOST_RECENT&page=1
0fd8e23cca352854a7ae750538684cc6,fce73ba682112666a05381e7,Apple Pre-Owned iPhone 12 5G 64GB (Unlocked) Black A2172,2023-08-08,Itzel,The phone itself look in fair condition. But it came locked it does not show the passcode anywhere on the box.,1,False,https://www.bestbuy.com/site/reviews/apple-pre-owned-iphone-12-5g-64gb-unlocked-black/6530509?variant=A&skuId=6530509&sort=MOST_RECENT&page=1
0fd8e23cca352854a7ae750538684cc6,61da307d837c443f962a4488,Apple Pre-Owned iPhone 12 5G 64GB (Unlocked) Black A2172,2023-08-06,Victor,Awesome phone currently using it to write this review much bigger than my old phone and the 5g antennas are working great over all very good although it did come with minor cosmetic damage but I could hardly see it great purchase otherwise,5,True,https://www.bestbuy.com/site/reviews/apple-pre-owned-iphone-12-5g-64gb-unlocked-black/6530509?variant=A&skuId=6530509&sort=MOST_RECENT&page=1
0fd8e23cca352854a7ae750538684cc6,6dec31919d2aad5fa2660dce,Apple Pre-Owned iPhone 12 5G 64GB (Unlocked) Black A2172,2023-08-04,AderibigbeA,The product is very good and i can recommend it to other people,5,True,https://www.bestbuy.com/site/reviews/apple-pre-owned-iphone-12-5g-64gb-unlocked-black/6530509?variant=A&skuId=6530509&sort=MOST_RECENT&page=1
0fd8e23cca352854a7ae750538684cc6,75973acc994f3704e3db56ee,Apple Pre-Owned iPhone 12 5G 64GB (Unlocked) Black A2172,2023-08-04,Gift,When I got this phone it was brand new still in the original case with the seal on it everything was there excellent condition I dont think it has ever been used,5,True,https://www.bestbuy.com/site/reviews/apple-pre-owned-iphone-12-5g-64gb-unlocked-black/6530509?variant=A&skuId=6530509&sort=MOST_RECENT&page=1
0fd8e23cca352854a7ae750538684cc6,ab94311da757d93dbb5a1d0f,Apple Pre-Owned iPhone 12 5G 64GB (Unlocked) Black A2172,2023-08-04,Gift,I bought this phone as a refurbished phone. It was in OK condition. Good enough for my grandson to use.,2,False,https://www.bestbuy.com/site/reviews/apple-pre-owned-iphone-12-5g-64gb-unlocked-black/6530509?variant=A&skuId=6530509&sort=MOST_RECENT&page=1
0fd8e23cca352854a7ae750538684cc6,8a613c6698bb5029aea29117,Apple Pre-Owned iPhone 12 5G 64GB (Unlocked) Black A2172,2023-08-04,LizmarieF,Phone came quickly pristine condition. No scratches or dents at all. Glad I made this purchase. The purple is so pretty too,5,True,https://www.bestbuy.com/site/reviews/apple-pre-owned-iphone-12-5g-64gb-unlocked-black/6530509?variant=A&skuId=6530509&sort=MOST_RECENT&page=1
0fd8e23cca352854a7ae750538684cc6,0e763858a1463770355bdc16,Apple Pre-Owned iPhone 12 5G 64GB (Unlocked) Black A2172,2023-08-01,JessicaC,I couldnt tell this was pre-owned it was in such good condition. Also it came with a charger which was such a pleasant surprise. I totally recommend buying refurbished instead!,5,True,https://www.bestbuy.com/site/reviews/apple-pre-owned-iphone-12-5g-64gb-unlocked-black/6530509?variant=A&skuId=6530509&sort=MOST_RECENT&page=1
0fd8e23cca352854a7ae750538684cc6,678639a3a26f39503650732c,Apple Pre-Owned iPhone 12 5G 64GB (Unlocked) Black A2172,2023-07-28,MontgomeryFamily,Pre-owned and works great.  It was easy to get connected to my phone service provider.I was nervous buying a pre-owned phone since so many are linked to the previous service provider.  This was listed as unlocked and it was true to its word.,5,True,https://www.bestbuy.com/site/reviews/apple-pre-owned-iphone-12-5g-64gb-unlocked-black/6530509?variant=A&skuId=6530509&sort=MOST_RECENT&page=1
0fd8e23cca352854a7ae750538684cc6,031238ce9a5f0a988dde3e5b,Apple Pre-Owned iPhone 12 5G 64GB (Unlocked) Black A2172,2023-07-28,JuanaH,So far good phone minimum scratch the camera works good so far hope stays like that,4,True,https://www.bestbuy.com/site/reviews/apple-pre-owned-iphone-12-5g-64gb-unlocked-black/6530509?variant=A&skuId=6530509&sort=MOST_RECENT&page=1
0fd8e23cca352854a7ae750538684cc6,cff6384cb2475187d098ed03,Apple Pre-Owned iPhone 12 5G 64GB (Unlocked) Black A2172,2023-07-25,DenisK,Everything is working fine will definitely recommend,5,True,https://www.bestbuy.com/site/reviews/apple-pre-owned-iphone-12-5g-64gb-unlocked-black/6530509?variant=A&skuId=6530509&sort=MOST_RECENT&page=1
0fd8e23cca352854a7ae750538684cc6,0f2034928a2db1e9afe59c32,Apple Pre-Owned iPhone 12 5G 64GB (Unlocked) Black A2172,2023-07-23,DeepakNayath,Phone is in excellent condition when received. Securly packed in a box with new charger and pin.,5,True,https://www.bestbuy.com/site/reviews/apple-pre-owned-iphone-12-5g-64gb-unlocked-black/6530509?variant=A&skuId=6530509&sort=MOST_RECENT&page=1
0fd8e23cca352854a7ae750538684cc6,e4c236eca36574f5d25e37c0,Apple Pre-Owned iPhone 12 5G 64GB (Unlocked) Black A2172,2023-07-22,user821969,I like the shape of the phone and the picture quality.,4,True,https://www.bestbuy.com/site/reviews/apple-pre-owned-iphone-12-5g-64gb-unlocked-black/6530509?variant=A&skuId=6530509&sort=MOST_RECENT&page=1
0fd8e23cca352854a7ae750538684cc6,06f032c09c8dd4da2e9fcd59,Apple Pre-Owned iPhone 12 5G 64GB (Unlocked) Black A2172,2023-07-21,SandraB,This phone has brought more to me than any of my past phones. I love it so much. It brings me love and happiness.,5,True,https://www.bestbuy.com/site/reviews/apple-pre-owned-iphone-12-5g-64gb-unlocked-black/6530509?variant=A&skuId=6530509&sort=MOST_RECENT&page=1
0fd8e23cca352854a7ae750538684cc6,2b8f31939b88624c538b99c6,Apple Pre-Owned iPhone 12 5G 64GB (Unlocked) Black A2172,2023-07-21,Bose901fan,The speaker is a little week. Other than that everything functional.,4,True,https://www.bestbuy.com/site/reviews/apple-pre-owned-iphone-12-5g-64gb-unlocked-black/6530509?variant=A&skuId=6530509&sort=MOST_RECENT&page=1
0fd8e23cca352854a7ae750538684cc6,e12736a288863297730cf749,Apple Pre-Owned iPhone 12 5G 64GB (Unlocked) Black A2172,2023-07-21,VanMan,The phone looks and acts as if it was brand new.  It took some work to get it fully operational but fortunately I had some professional help as I could not d it on my own (not that iPhone literate).,5,True,https://www.bestbuy.com/site/reviews/apple-pre-owned-iphone-12-5g-64gb-unlocked-black/6530509?variant=A&skuId=6530509&sort=MOST_RECENT&page=2
0fd8e23cca352854a7ae750538684cc6,dfd032eea4cd9648258f3563,Apple Pre-Owned iPhone 12 5G 64GB (Unlocked) Black A2172,2023-07-16,Dariadna,I needed an upgrade from an iPhone XR and this was perfect! It works great and looks brand new.,5,True,https://www.bestbuy.com/site/reviews/apple-pre-owned-iphone-12-5g-64gb-unlocked-black/6530509?variant=A&skuId=6530509&sort=MOST_RECENT&page=2
0fd8e23cca352854a7ae750538684cc6,138c34b29dcbba991fa13ca0,Apple Pre-Owned iPhone 12 5G 64GB (Unlocked) Black A2172,2023-07-15,BradleyA,Great phone. Received in excellent condition as stated. Would buy again.,5,True,https://www.bestbuy.com/site/reviews/apple-pre-owned-iphone-12-5g-64gb-unlocked-black/6530509?variant=A&skuId=6530509&sort=MOST_RECENT&page=2
0fd8e23cca352854a7ae750538684cc6,07d5362eaa60f39ef507cc42,Apple Pre-Owned iPhone 12 5G 64GB (Unlocked) Black A2172,2023-07-15,Federal,This phone was good as new. It looks and performed impeccably well.,5,True,https://www.bestbuy.com/site/reviews/apple-pre-owned-iphone-12-5g-64gb-unlocked-black/6530509?variant=A&skuId=6530509&sort=MOST_RECENT&page=2
0fd8e23cca352854a7ae750538684cc6,2fa43be5bbb4cdb2d2034f53,Apple Pre-Owned iPhone 12 5G 64GB (Unlocked) Black A2172,2023-07-15,LuisD,Phone was in excellent condition came in a refurbished box however we never keep the box so thumbs up!,5,True,https://www.bestbuy.com/site/reviews/apple-pre-owned-iphone-12-5g-64gb-unlocked-black/6530509?variant=A&skuId=6530509&sort=MOST_RECENT&page=2
0fd8e23cca352854a7ae750538684cc6,70fd32fe8445580348417dfd,Apple Pre-Owned iPhone 12 5G 64GB (Unlocked) Black A2172,2023-07-14,Darell,Good refurbished phone my kid loves it. Going to buy another soon,5,True,https://www.bestbuy.com/site/reviews/apple-pre-owned-iphone-12-5g-64gb-unlocked-black/6530509?variant=A&skuId=6530509&sort=MOST_RECENT&page=2
0fd8e23cca352854a7ae750538684cc6,7f2e31f1a83a2bcfb7eb345b,Apple Pre-Owned iPhone 12 5G 64GB (Unlocked) Black A2172,2023-07-14,EmilyA,Phone arrived in excellent condition. Whoever gave it up took good care of it. Thank you.,5,True,https://www.bestbuy.com/site/reviews/apple-pre-owned-iphone-12-5g-64gb-unlocked-black/6530509?variant=A&skuId=6530509&sort=MOST_RECENT&page=2
0fd8e23cca352854a7ae750538684cc6,e7c5334890137d6b6ed9e040,Apple Pre-Owned iPhone 12 5G 64GB (Unlocked) Black A2172,2023-07-14,SaraM,Best purchuse . My daughter broke her phone and i was not able to purchase a brand new phone the price was beautiful and the ease of using progressive leasing to make this pir huse was wonderful paid 43 dollar to walk away with the iphone 12 couldnt ask for a better purchase,5,True,https://www.bestbuy.com/site/reviews/apple-pre-owned-iphone-12-5g-64gb-unlocked-black/6530509?variant=A&skuId=6530509&sort=MOST_RECENT&page=2
0fd8e23cca352854a7ae750538684cc6,bcc638aebea6dd0feabf7723,Apple Pre-Owned iPhone 12 5G 64GB (Unlocked) Black A2172,2023-07-13,Kp24,Phone came in fantastic condition. The battery life is excellent no scratches and no dings in the frame. Im happy with this purchase.,5,True,https://www.bestbuy.com/site/reviews/apple-pre-owned-iphone-12-5g-64gb-unlocked-black/6530509?variant=A&skuId=6530509&sort=MOST_RECENT&page=2
0fd8e23cca352854a7ae750538684cc6,91923b3380e2746f215911d7,Apple Pre-Owned iPhone 12 5G 64GB (Unlocked) Black A2172,2023-07-13,YaqubB,Phone was exactly what I needed and works perfectly: highly recommend,5,True,https://www.bestbuy.com/site/reviews/apple-pre-owned-iphone-12-5g-64gb-unlocked-black/6530509?variant=A&skuId=6530509&sort=MOST_RECENT&page=2
0fd8e23cca352854a7ae750538684cc6,18fe3a1abd8b4db620265728,Apple Pre-Owned iPhone 12 5G 64GB (Unlocked) Black A2172,2023-07-08,SandeepP,Best deal and great pre-owned phone product as describe,5,True,https://www.bestbuy.com/site/reviews/apple-pre-owned-iphone-12-5g-64gb-unlocked-black/6530509?variant=A&skuId=6530509&sort=MOST_RECENT&page=2
0fd8e23cca352854a7ae750538684cc6,7a8f3887836a946f982ddada,Apple Pre-Owned iPhone 12 5G 64GB (Unlocked) Black A2172,2023-07-07,YolandaA,Worked very well as stated. Not bad for a used phone,5,True,https://www.bestbuy.com/site/reviews/apple-pre-owned-iphone-12-5g-64gb-unlocked-black/6530509?variant=A&skuId=6530509&sort=MOST_RECENT&page=2
0fd8e23cca352854a7ae750538684cc6,54113c3e8cf867853c53c006,Apple Pre-Owned iPhone 12 5G 64GB (Unlocked) Black A2172,2023-07-07,VickiS,So far its been a great phone! I wasnt sure with it being an unlocked phone.,5,True,https://www.bestbuy.com/site/reviews/apple-pre-owned-iphone-12-5g-64gb-unlocked-black/6530509?variant=A&skuId=6530509&sort=MOST_RECENT&page=2
0fd8e23cca352854a7ae750538684cc6,142730a384a0294935584bf3,Apple Pre-Owned iPhone 12 5G 64GB (Unlocked) Black A2172,2023-07-01,DavidM,Great phone for the price..........Did not want to get a 14 as i did not need all that phone offers so this was the best option.,5,True,https://www.bestbuy.com/site/reviews/apple-pre-owned-iphone-12-5g-64gb-unlocked-black/6530509?variant=A&skuId=6530509&sort=MOST_RECENT&page=2
0fd8e23cca352854a7ae750538684cc6,c9533bac9de44eced59670bf,Apple Pre-Owned iPhone 12 5G 64GB (Unlocked) Black A2172,2023-07-01,Greeneyes,This item is exactly as described. Its practically brand new. Not one scratch or nick. The color is beautiful.,5,True,https://www.bestbuy.com/site/reviews/apple-pre-owned-iphone-12-5g-64gb-unlocked-black/6530509?variant=A&skuId=6530509&sort=MOST_RECENT&page=2
0fd8e23cca352854a7ae750538684cc6,cf0a345ead506b893c3d7f2f,Apple Pre-Owned iPhone 12 5G 64GB (Unlocked) Black A2172,2023-06-30,Katti32,Gets really hot when is charging....and im scared if this exploit....,3,False,https://www.bestbuy.com/site/reviews/apple-pre-owned-iphone-12-5g-64gb-unlocked-black/6530509?variant=A&skuId=6530509&sort=MOST_RECENT&page=2
0fd8e23cca352854a7ae750538684cc6,1e0e37b6a820dea7624c70ec,Apple Pre-Owned iPhone 12 5G 64GB (Unlocked) Black A2172,2023-06-30,VardhanJ,Defective Product.1 + 1 rating because I found the option to return it. Still time and money loss.,2,False,https://www.bestbuy.com/site/reviews/apple-pre-owned-iphone-12-5g-64gb-unlocked-black/6530509?variant=A&skuId=6530509&sort=MOST_RECENT&page=2
0fd8e23cca352854a7ae750538684cc6,10ee358093225a10c847b081,Apple Pre-Owned iPhone 12 5G 64GB (Unlocked) Black A2172,2023-06-26,Denner,The best condition like New one  no demage good screen,5,False,https://www.bestbuy.com/site/reviews/apple-pre-owned-iphone-12-5g-64gb-unlocked-black/6530509?variant=A&skuId=6530509&sort=MOST_RECENT&page=2
0fd8e23cca352854a7ae750538684cc6,3f1b3d97893c32782ab0ed53,Apple Pre-Owned iPhone 12 5G 64GB (Unlocked) Black A2172,2023-06-26,AngelaR,Really cant tell it is a refurb phone.Easy to order easy to buy easy to just go in and pick up. No pressure sale like you get at the cell phone store. Just had to switch the SD card and bam the new phone worked.,5,True,https://www.bestbuy.com/site/reviews/apple-pre-owned-iphone-12-5g-64gb-unlocked-black/6530509?variant=A&skuId=6530509&sort=MOST_RECENT&page=2
0fd8e23cca352854a7ae750538684cc6,68d23b91b09013b4b9849305,Apple Pre-Owned iPhone 12 5G 64GB (Unlocked) Black A2172,2023-06-26,00j14,I was super hesitant since it is pre-owned and I read some not so good reviews as well. But the Iphone 12 I got was great. It does have some minor scratches on the side of the phone which is fine with me because again its preowned. But the overall function of the phone is in great condition just like new. Camera is clear battery life is good as well I can last a whole day without charging even when I use my phone a lot. It charges fast as well. The phone comes with a pin removing tool and a non apple lightning charger. Overall very pleased with this purchase,5,True,https://www.bestbuy.com/site/reviews/apple-pre-owned-iphone-12-5g-64gb-unlocked-black/6530509?variant=A&skuId=6530509&sort=MOST_RECENT&page=2
0fd8e23cca352854a7ae750538684cc6,1c73333c93649b1eb62fe011,Apple Pre-Owned iPhone 12 5G 64GB (Unlocked) Black A2172,2023-06-25,LauraD,Apple product for a great price! We are an apple brand family but their prices can be high.,5,True,https://www.bestbuy.com/site/reviews/apple-pre-owned-iphone-12-5g-64gb-unlocked-black/6530509?variant=A&skuId=6530509&sort=MOST_RECENT&page=3
0fd8e23cca352854a7ae750538684cc6,08c73f22b9466fb8c465e351,Apple Pre-Owned iPhone 12 5G 64GB (Unlocked) Black A2172,2023-06-24,JarquavisS,Product came in perfect condition. Customer service was amazing there was a mistake on the account where i was charged twice but they handled is expeditiously. Im not a paid nor compensated customer. This is real. I am beyond satisfied!,5,True,https://www.bestbuy.com/site/reviews/apple-pre-owned-iphone-12-5g-64gb-unlocked-black/6530509?variant=A&skuId=6530509&sort=MOST_RECENT&page=3
0fd8e23cca352854a7ae750538684cc6,cb9030da8661440f439592e7,Apple Pre-Owned iPhone 12 5G 64GB (Unlocked) Black A2172,2023-06-24,OilofOled,Its just bad. Have to use it for work. Iphones are just not very good,1,False,https://www.bestbuy.com/site/reviews/apple-pre-owned-iphone-12-5g-64gb-unlocked-black/6530509?variant=A&skuId=6530509&sort=MOST_RECENT&page=3
0fd8e23cca352854a7ae750538684cc6,c71e3556850bdf7063433e6f,Apple Pre-Owned iPhone 12 5G 64GB (Unlocked) Black A2172,2023-06-20,AlainN,Im happy with the service provided inside the store. Customer service was excellent. The phone is exactly what I was looking for—a phone with plenty of storage and good camera quality.,5,True,https://www.bestbuy.com/site/reviews/apple-pre-owned-iphone-12-5g-64gb-unlocked-black/6530509?variant=A&skuId=6530509&sort=MOST_RECENT&page=3
0fd8e23cca352854a7ae750538684cc6,2e3632f9b7f766e904f928f3,Apple Pre-Owned iPhone 12 5G 64GB (Unlocked) Black A2172,2023-06-19,RegiReg,You exactly what youre going to get from Apple. If you dont have an iPhone then you dont have an iPhone.,4,True,https://www.bestbuy.com/site/reviews/apple-pre-owned-iphone-12-5g-64gb-unlocked-black/6530509?variant=A&skuId=6530509&sort=MOST_RECENT&page=3
0fd8e23cca352854a7ae750538684cc6,44c538d98a052e368eb9d3e9,Apple Pre-Owned iPhone 12 5G 64GB (Unlocked) Black A2172,2023-06-19,SabrinaM,works amazing my girl loves it bought it as a gift,5,True,https://www.bestbuy.com/site/reviews/apple-pre-owned-iphone-12-5g-64gb-unlocked-black/6530509?variant=A&skuId=6530509&sort=MOST_RECENT&page=3
0fd8e23cca352854a7ae750538684cc6,0c1a33c29b1c7d82948dfc55,Apple Pre-Owned iPhone 12 5G 64GB (Unlocked) Black A2172,2023-06-17,GL45,Purchased as a gift for my mom. This is her first apple product and she finds it easy to use.,5,True,https://www.bestbuy.com/site/reviews/apple-pre-owned-iphone-12-5g-64gb-unlocked-black/6530509?variant=A&skuId=6530509&sort=MOST_RECENT&page=3
0fd8e23cca352854a7ae750538684cc6,fddf307e80340bc29a99964c,Apple Pre-Owned iPhone 12 5G 64GB (Unlocked) Black A2172,2023-06-16,Samantha,Works great. Price was reasonable. Staff was knowledgeable about the product.,5,True,https://www.bestbuy.com/site/reviews/apple-pre-owned-iphone-12-5g-64gb-unlocked-black/6530509?variant=A&skuId=6530509&sort=MOST_RECENT&page=3
0fd8e23cca352854a7ae750538684cc6,e73934a189b351794a23ed05,Apple Pre-Owned iPhone 12 5G 64GB (Unlocked) Black A2172,2023-06-16,RonM,I use this phone daily and I like it a lot. It looks great and has good performance. If you are an anrdoid user and on the fence about iphone do it Its 100% worth it! Battery came at 100% capacity. Very happy with my purchase,5,True,https://www.bestbuy.com/site/reviews/apple-pre-owned-iphone-12-5g-64gb-unlocked-black/6530509?variant=A&skuId=6530509&sort=MOST_RECENT&page=3
0fd8e23cca352854a7ae750538684cc6,63b03a86b298557cd6393a39,Apple Pre-Owned iPhone 12 5G 64GB (Unlocked) Black A2172,2023-06-10,user758347,Amazing phone and such long battery life. Came at 90% battery better then any other phone I have ever had,5,True,https://www.bestbuy.com/site/reviews/apple-pre-owned-iphone-12-5g-64gb-unlocked-black/6530509?variant=A&skuId=6530509&sort=MOST_RECENT&page=3
0fd8e23cca352854a7ae750538684cc6,2cda3f6b8d8d41695e96788a,Apple Pre-Owned iPhone 12 5G 64GB (Unlocked) Black A2172,2023-06-09,Anonymous,Nice phone. Touchscreen works nice. Color is still intact. Phone looks brand new. No scratch at all. Phone sounds nice.,4,True,https://www.bestbuy.com/site/reviews/apple-pre-owned-iphone-12-5g-64gb-unlocked-black/6530509?variant=A&skuId=6530509&sort=MOST_RECENT&page=3
0fd8e23cca352854a7ae750538684cc6,123c3362a131821ffac07ca7,Apple Pre-Owned iPhone 12 5G 64GB (Unlocked) Black A2172,2023-06-08,DavidZ,We love the phone. Its in great condition. we appreciate the recommendation,5,True,https://www.bestbuy.com/site/reviews/apple-pre-owned-iphone-12-5g-64gb-unlocked-black/6530509?variant=A&skuId=6530509&sort=MOST_RECENT&page=3
0fd8e23cca352854a7ae750538684cc6,444d398fb96ef547789ed5d0,Apple Pre-Owned iPhone 12 5G 64GB (Unlocked) Black A2172,2023-06-07,AhmedK,very good very clean come  with a charger and a cabel,5,True,https://www.bestbuy.com/site/reviews/apple-pre-owned-iphone-12-5g-64gb-unlocked-black/6530509?variant=A&skuId=6530509&sort=MOST_RECENT&page=3
0fd8e23cca352854a7ae750538684cc6,0d263fbc9c542d4db7663617,Apple Pre-Owned iPhone 12 5G 64GB (Unlocked) Black A2172,2023-06-04,ManuelT,the screen was scratched the rear camera also had damage around the lens non-original charger,2,False,https://www.bestbuy.com/site/reviews/apple-pre-owned-iphone-12-5g-64gb-unlocked-black/6530509?variant=A&skuId=6530509&sort=MOST_RECENT&page=3
0fd8e23cca352854a7ae750538684cc6,9a7d397489bf648db676f825,Apple Pre-Owned iPhone 12 5G 64GB (Unlocked) Black A2172,2023-06-04,Lala,So far so good. Easy transfer from old phone. Works well. Still learning new features. No issues.,5,True,https://www.bestbuy.com/site/reviews/apple-pre-owned-iphone-12-5g-64gb-unlocked-black/6530509?variant=A&skuId=6530509&sort=MOST_RECENT&page=3
0fd8e23cca352854a7ae750538684cc6,02923535b1476b7812a47986,Apple Pre-Owned iPhone 12 5G 64GB (Unlocked) Black A2172,2023-06-04,ConexioncristianachurchB,Nice phone bought on line. The phone looks like new and was good experience.,5,True,https://www.bestbuy.com/site/reviews/apple-pre-owned-iphone-12-5g-64gb-unlocked-black/6530509?variant=A&skuId=6530509&sort=MOST_RECENT&page=3
0fd8e23cca352854a7ae750538684cc6,a67a3ce08b98508d8651ff38,Apple Pre-Owned iPhone 12 5G 64GB (Unlocked) Black A2172,2023-06-03,MichelleF,my daughter loves this color.it was easy and gast to purchase on line and to pick up there was no line ..very good service.,5,True,https://www.bestbuy.com/site/reviews/apple-pre-owned-iphone-12-5g-64gb-unlocked-black/6530509?variant=A&skuId=6530509&sort=MOST_RECENT&page=3
0fd8e23cca352854a7ae750538684cc6,55f6304a99b1d03ea140c70e,Apple Pre-Owned iPhone 12 5G 64GB (Unlocked) Black A2172,2023-06-02,Jazmine,My Pre-owned iPhone 12 came in very good condition and im very satisfied with this product overall. Best buy has definitely earned my service !! Thank you Best Buy!,5,True,https://www.bestbuy.com/site/reviews/apple-pre-owned-iphone-12-5g-64gb-unlocked-black/6530509?variant=A&skuId=6530509&sort=MOST_RECENT&page=3
0fd8e23cca352854a7ae750538684cc6,380636e58ef7b67acf2b1589,Apple Pre-Owned iPhone 12 5G 64GB (Unlocked) Black A2172,2023-06-02,YadiraA,Nice phone love the color. Just what I was looking for.,5,True,https://www.bestbuy.com/site/reviews/apple-pre-owned-iphone-12-5g-64gb-unlocked-black/6530509?variant=A&skuId=6530509&sort=MOST_RECENT&page=3
0fd8e23cca352854a7ae750538684cc6,72af328184abd484022cfd7d,Apple Pre-Owned iPhone 12 5G 64GB (Unlocked) Black A2172,2023-05-30,RebeccaM,We bought this as a gift for our 26 year old son. So far he loves everything about it!,5,True,https://www.bestbuy.com/site/reviews/apple-pre-owned-iphone-12-5g-64gb-unlocked-black/6530509?variant=A&skuId=6530509&sort=MOST_RECENT&page=3
0fd8e23cca352854a7ae750538684cc6,51663a1eba3a1b62e58f07a0,Apple Pre-Owned iPhone 12 5G 64GB (Unlocked) Black A2172,2023-05-29,Rick,Great deal on a used iPhone that works as I purchased it new. You dont need to always have the newest one to have a quality iPhone. Save a couple hundred dollars and be a year or two behind with a quality used phone.,5,True,https://www.bestbuy.com/site/reviews/apple-pre-owned-iphone-12-5g-64gb-unlocked-black/6530509?variant=A&skuId=6530509&sort=MOST_RECENT&page=4
0fd8e23cca352854a7ae750538684cc6,bfd433f09f8992b461e97e50,Apple Pre-Owned iPhone 12 5G 64GB (Unlocked) Black A2172,2023-05-28,raguxt,The refurbished phone worked without any issues. However I did see some areas where tiny bit of glue squeezed out between the case and screen. Barely noticeable though.,4,True,https://www.bestbuy.com/site/reviews/apple-pre-owned-iphone-12-5g-64gb-unlocked-black/6530509?variant=A&skuId=6530509&sort=MOST_RECENT&page=4
0fd8e23cca352854a7ae750538684cc6,dfaf32279592af125d252652,Apple Pre-Owned iPhone 12 5G 64GB (Unlocked) Black A2172,2023-05-27,EVG214,Worked right out of the box. The screen is so clear. Nice phone.,4,True,https://www.bestbuy.com/site/reviews/apple-pre-owned-iphone-12-5g-64gb-unlocked-black/6530509?variant=A&skuId=6530509&sort=MOST_RECENT&page=4
0fd8e23cca352854a7ae750538684cc6,40f13787a72260f21c2f993d,Apple Pre-Owned iPhone 12 5G 64GB (Unlocked) Black A2172,2023-05-27,CollinH,Good thing to buy but probably gonna be obsolete in a year,4,True,https://www.bestbuy.com/site/reviews/apple-pre-owned-iphone-12-5g-64gb-unlocked-black/6530509?variant=A&skuId=6530509&sort=MOST_RECENT&page=4
0fd8e23cca352854a7ae750538684cc6,3d243f44aa1250c9ab6a97ad,Apple Pre-Owned iPhone 12 5G 64GB (Unlocked) Black A2172,2023-05-27,DemetriusJ,Great phone and the sales person was very helpful with helping me pick out my phone thanks again I really appreciate it….,5,True,https://www.bestbuy.com/site/reviews/apple-pre-owned-iphone-12-5g-64gb-unlocked-black/6530509?variant=A&skuId=6530509&sort=MOST_RECENT&page=4
0fd8e23cca352854a7ae750538684cc6,734e37aaa5bd45dcc284530b,Apple Pre-Owned iPhone 12 5G 64GB (Unlocked) Black A2172,2023-05-26,Topprasad,Not as described several scratch battery life is not good,1,False,https://www.bestbuy.com/site/reviews/apple-pre-owned-iphone-12-5g-64gb-unlocked-black/6530509?variant=A&skuId=6530509&sort=MOST_RECENT&page=4
0fd8e23cca352854a7ae750538684cc6,c69a3123885c1bceb36f79d7,Apple Pre-Owned iPhone 12 5G 64GB (Unlocked) Black A2172,2023-05-26,JennyN,This was an open-box item that is in excellent condition. My son loves it,5,True,https://www.bestbuy.com/site/reviews/apple-pre-owned-iphone-12-5g-64gb-unlocked-black/6530509?variant=A&skuId=6530509&sort=MOST_RECENT&page=4
0fd8e23cca352854a7ae750538684cc6,a0ed3c4db6046ff7ae57eb08,Apple Pre-Owned iPhone 12 5G 64GB (Unlocked) Black A2172,2023-05-22,Starr,There was a problem with my sound system when i got this phone,3,False,https://www.bestbuy.com/site/reviews/apple-pre-owned-iphone-12-5g-64gb-unlocked-black/6530509?variant=A&skuId=6530509&sort=MOST_RECENT&page=4
0fd8e23cca352854a7ae750538684cc6,a64d38cfac4c97b142cf4445,Apple Pre-Owned iPhone 12 5G 64GB (Unlocked) Black A2172,2023-05-21,DesmondM,I love this phone it makes me more than happy. My husband did a wonderful job,5,True,https://www.bestbuy.com/site/reviews/apple-pre-owned-iphone-12-5g-64gb-unlocked-black/6530509?variant=A&skuId=6530509&sort=MOST_RECENT&page=4
0fd8e23cca352854a7ae750538684cc6,afe7319f8083ad4bf785c559,Apple Pre-Owned iPhone 12 5G 64GB (Unlocked) Black A2172,2023-05-20,greatstartergamingpc,Good phone works and looks like new. Had no issues aside from the charge they provided wasnt great but the phone works perfect,5,True,https://www.bestbuy.com/site/reviews/apple-pre-owned-iphone-12-5g-64gb-unlocked-black/6530509?variant=A&skuId=6530509&sort=MOST_RECENT&page=4
0fd8e23cca352854a7ae750538684cc6,c80d3a90a064a51f0dea05a6,Apple Pre-Owned iPhone 12 5G 64GB (Unlocked) Black A2172,2023-05-19,MharinaB,The staff was very respectful and nice the phone works very well,5,True,https://www.bestbuy.com/site/reviews/apple-pre-owned-iphone-12-5g-64gb-unlocked-black/6530509?variant=A&skuId=6530509&sort=MOST_RECENT&page=4
0fd8e23cca352854a7ae750538684cc6,b3a83e7eb7528a9c99fa3712,Apple Pre-Owned iPhone 12 5G 64GB (Unlocked) Black A2172,2023-05-19,DarrenF,Works perfectly as advertised. Unlocked phone available for use with any service,5,True,https://www.bestbuy.com/site/reviews/apple-pre-owned-iphone-12-5g-64gb-unlocked-black/6530509?variant=A&skuId=6530509&sort=MOST_RECENT&page=4
0fd8e23cca352854a7ae750538684cc6,5831368e9ff6db544a7cb755,Apple Pre-Owned iPhone 12 5G 64GB (Unlocked) Black A2172,2023-05-19,AppleDeskTop,Just picked up my cell and it is great so far.  The color is very pretty even found a leather case the same color the weight is just right and I really like to overall easy to use. The overall experience from ordering setting up my information and service at Best Buy was amazing! Cannot thank them enough.,5,True,https://www.bestbuy.com/site/reviews/apple-pre-owned-iphone-12-5g-64gb-unlocked-black/6530509?variant=A&skuId=6530509&sort=MOST_RECENT&page=4
0fd8e23cca352854a7ae750538684cc6,679b35d0a8940129c281ff91,Apple Pre-Owned iPhone 12 5G 64GB (Unlocked) Black A2172,2023-05-18,msimel,This phone keeps restarting itself. The 64 storage on the phone SUCKS regardless of buying 2TB of iCloud+ storage. Found out that iCloud storage and device storage are 2 separate storage capacities. The phone doesnt show all of my messages anymore or send me ALL of my notifications! And deletes messages and notifications at random THANK GOD for my Apple Watch! If it wasnt for my watch I wouldnt know if I received a text or call. My Watch notified me in place of my phone. My hotspot works when it wants to.  ALL of these issues started happening AFTER I my return period was over. & thats only 15 days.,2,False,https://www.bestbuy.com/site/reviews/apple-pre-owned-iphone-12-5g-64gb-unlocked-black/6530509?variant=A&skuId=6530509&sort=MOST_RECENT&page=4
0fd8e23cca352854a7ae750538684cc6,77f83824aa4233816bc5ffa0,Apple Pre-Owned iPhone 12 5G 64GB (Unlocked) Black A2172,2023-05-18,Plots,Nice but had some trouble with getting FaceTime to work so I returned it. Maybe it was on my end  so I just returned it for the iphone 11pro.,4,True,https://www.bestbuy.com/site/reviews/apple-pre-owned-iphone-12-5g-64gb-unlocked-black/6530509?variant=A&skuId=6530509&sort=MOST_RECENT&page=4
0fd8e23cca352854a7ae750538684cc6,45b533849fc91047eaefd487,Apple Pre-Owned iPhone 12 5G 64GB (Unlocked) Black A2172,2023-05-17,Case,Nice phone perfect fornmy 9 year girl its just fine,4,True,https://www.bestbuy.com/site/reviews/apple-pre-owned-iphone-12-5g-64gb-unlocked-black/6530509?variant=A&skuId=6530509&sort=MOST_RECENT&page=4
0fd8e23cca352854a7ae750538684cc6,254f398f8892d0f6ce22979a,Apple Pre-Owned iPhone 12 5G 64GB (Unlocked) Black A2172,2023-05-17,WyattL,The iPhone 12 works great and runs great too. I works very well.,5,True,https://www.bestbuy.com/site/reviews/apple-pre-owned-iphone-12-5g-64gb-unlocked-black/6530509?variant=A&skuId=6530509&sort=MOST_RECENT&page=4
0fd8e23cca352854a7ae750538684cc6,bee039768669f3941621221c,Apple Pre-Owned iPhone 12 5G 64GB (Unlocked) Black A2172,2023-05-15,NataviyaO,Love it!!! The phone has a bigger screen and the camera is amazing,5,True,https://www.bestbuy.com/site/reviews/apple-pre-owned-iphone-12-5g-64gb-unlocked-black/6530509?variant=A&skuId=6530509&sort=MOST_RECENT&page=4
0fd8e23cca352854a7ae750538684cc6,a84232398715ef61911583ba,Apple Pre-Owned iPhone 12 5G 64GB (Unlocked) Black A2172,2023-05-14,Adri,Great product coming from being pre-owned. As of right now no problems looks good and works nice!,5,True,https://www.bestbuy.com/site/reviews/apple-pre-owned-iphone-12-5g-64gb-unlocked-black/6530509?variant=A&skuId=6530509&sort=MOST_RECENT&page=4
0fd8e23cca352854a7ae750538684cc6,f7c43e4a92e728be4fd362e5,Apple Pre-Owned iPhone 12 5G 64GB (Unlocked) Black A2172,2023-05-12,user277931,Good my new phone is fine fast cámara beutiful everything work good,5,True,https://www.bestbuy.com/site/reviews/apple-pre-owned-iphone-12-5g-64gb-unlocked-black/6530509?variant=A&skuId=6530509&sort=MOST_RECENT&page=4
0fd8e23cca352854a7ae750538684cc6,81e631f298bc9e3d141036b2,Apple Pre-Owned iPhone 12 5G 64GB (Unlocked) Black A2172,2023-05-12,Dimples,Great quality. It works beautifully . Hubby loves it.,5,True,https://www.bestbuy.com/site/reviews/apple-pre-owned-iphone-12-5g-64gb-unlocked-black/6530509?variant=A&skuId=6530509&sort=MOST_RECENT&page=5
0fd8e23cca352854a7ae750538684cc6,562033d991faea494fcb385c,Apple Pre-Owned iPhone 12 5G 64GB (Unlocked) Black A2172,2023-05-12,DickersonM,I really like this product. It is affordable yet it has all the features I need in a smartphone. Great buy!,5,True,https://www.bestbuy.com/site/reviews/apple-pre-owned-iphone-12-5g-64gb-unlocked-black/6530509?variant=A&skuId=6530509&sort=MOST_RECENT&page=5
0fd8e23cca352854a7ae750538684cc6,9915366fa5f93c4969ed79dc,Apple Pre-Owned iPhone 12 5G 64GB (Unlocked) Black A2172,2023-05-11,CamH,Bought this phone for my grandmother! She is in love with it and isnt giving her any problems. She loves the color and it was a big upgrade from her iPhone 8 Plus I bought her. 10/10.,5,True,https://www.bestbuy.com/site/reviews/apple-pre-owned-iphone-12-5g-64gb-unlocked-black/6530509?variant=A&skuId=6530509&sort=MOST_RECENT&page=5
0fd8e23cca352854a7ae750538684cc6,172938f3b4b837924b09b8fd,Apple Pre-Owned iPhone 12 5G 64GB (Unlocked) Black A2172,2023-05-05,Gaming,BestBuy always been excellent delivering good products new or used the quality is great! The iPhone is like new and I been using it for while and it works like brand new!,5,True,https://www.bestbuy.com/site/reviews/apple-pre-owned-iphone-12-5g-64gb-unlocked-black/6530509?variant=A&skuId=6530509&sort=MOST_RECENT&page=5
0fd8e23cca352854a7ae750538684cc6,f11b33e4a83f24bba598bd12,Apple Pre-Owned iPhone 12 5G 64GB (Unlocked) Black A2172,2023-04-28,138amber,The phone I bought was crashing and had to be returned.,1,False,https://www.bestbuy.com/site/reviews/apple-pre-owned-iphone-12-5g-64gb-unlocked-black/6530509?variant=A&skuId=6530509&sort=MOST_RECENT&page=5
0fd8e23cca352854a7ae750538684cc6,588638749f85cce5d77d3179,Apple Pre-Owned iPhone 12 5G 64GB (Unlocked) Black A2172,2023-04-28,MaryanneR,Great for the price...only issue is the volume is low,5,True,https://www.bestbuy.com/site/reviews/apple-pre-owned-iphone-12-5g-64gb-unlocked-black/6530509?variant=A&skuId=6530509&sort=MOST_RECENT&page=5
0fd8e23cca352854a7ae750538684cc6,b3a031fda829d08242c80f1e,Apple Pre-Owned iPhone 12 5G 64GB (Unlocked) Black A2172,2023-04-21,Chansy,iPhone came with scratches and deep marks everywhere. Horrible condition that wasnt mentioned in the description when I bought it its like they dropped it and smashed it. I do not recommend buying their pre-owened because they come in very poor condition.,1,False,https://www.bestbuy.com/site/reviews/apple-pre-owned-iphone-12-5g-64gb-unlocked-black/6530509?variant=A&skuId=6530509&sort=MOST_RECENT&page=5
0fd8e23cca352854a7ae750538684cc6,54f53a038dbb212760c2b6f8,Apple Pre-Owned iPhone 12 5G 64GB (Unlocked) Black A2172,2023-04-17,user272752,Loving it kids happy no problems at all good prices,5,True,https://www.bestbuy.com/site/reviews/apple-pre-owned-iphone-12-5g-64gb-unlocked-black/6530509?variant=A&skuId=6530509&sort=MOST_RECENT&page=5
0fd8e23cca352854a7ae750538684cc6,750939039b0ebebca85e07a1,Apple Pre-Owned iPhone 12 5G 64GB (Unlocked) Black A2172,2023-04-14,MiataNina,the gentleman who assisted me was marvelous. the my phones operating as expected and I didnt pay an astronomical amount!,5,True,https://www.bestbuy.com/site/reviews/apple-pre-owned-iphone-12-5g-64gb-unlocked-black/6530509?variant=A&skuId=6530509&sort=MOST_RECENT&page=5
0fd8e23cca352854a7ae750538684cc6,6ca73b869a5655ad901c7625,Apple Pre-Owned iPhone 12 5G 64GB (Unlocked) Black A2172,2023-04-14,Lilninja19,I stopped using it. Battery dies fast even though I turned off all notification. Also I dont have any extra applications added on it. I was able to get my One + unlocked and have switched back it it. Im looking to just junk the iPhone and bite the bullet on it being no good.,1,False,https://www.bestbuy.com/site/reviews/apple-pre-owned-iphone-12-5g-64gb-unlocked-black/6530509?variant=A&skuId=6530509&sort=MOST_RECENT&page=5
0fd8e23cca352854a7ae750538684cc6,194832959d6de58a384ea9f8,Apple Pre-Owned iPhone 12 5G 64GB (Unlocked) Black A2172,2023-03-31,AlmaC,O got one for my father and another one for my daughter and they have not complained about it. Yes they have previous use marks but nothing to bad just put a nice case on it and one no has to know its a pre owned phone,5,True,https://www.bestbuy.com/site/reviews/apple-pre-owned-iphone-12-5g-64gb-unlocked-black/6530509?variant=A&skuId=6530509&sort=MOST_RECENT&page=5
0fd8e23cca352854a7ae750538684cc6,5ced3a13aef27268079e489e,Apple Pre-Owned iPhone 12 5G 64GB (Unlocked) Black A2172,2023-03-24,user413694,i honestly thought it was gonna be fake but as far as me and my friend who works at an electronics store can tell its real. mine came with a thing to get the sim card out and that was cool. didnt come in an apple box and came with a lightning cable that wasnt apple but its works.,4,True,https://www.bestbuy.com/site/reviews/apple-pre-owned-iphone-12-5g-64gb-unlocked-black/6530509?variant=A&skuId=6530509&sort=MOST_RECENT&page=5
0fd8e23cca352854a7ae750538684cc6,498339ceb4a8ece844f3f8d9,Apple Pre-Owned iPhone 12 5G 64GB (Unlocked) Black A2172,2023-03-17,ShenaeC,Good quality phone works well. Data transfer went well.,5,True,https://www.bestbuy.com/site/reviews/apple-pre-owned-iphone-12-5g-64gb-unlocked-black/6530509?variant=A&skuId=6530509&sort=MOST_RECENT&page=5
0fd8e23cca352854a7ae750538684cc6,4b01362d80871a25a496f785,Apple Pre-Owned iPhone 12 5G 64GB (Unlocked) Black A2172,2023-03-11,LorenaB,Is in great conditions great cámara can picture elevate,5,True,https://www.bestbuy.com/site/reviews/apple-pre-owned-iphone-12-5g-64gb-unlocked-black/6530509?variant=A&skuId=6530509&sort=MOST_RECENT&page=5
0fd8e23cca352854a7ae750538684cc6,69c0374c801f28dc183f00ee,Apple Pre-Owned iPhone 12 5G 64GB (Unlocked) Black A2172,2023-03-11,RobertD,Purchased a refurbished iPhone 12. It arrived as scheduled is in perfect working order and is remarkably blemish free!,5,True,https://www.bestbuy.com/site/reviews/apple-pre-owned-iphone-12-5g-64gb-unlocked-black/6530509?variant=A&skuId=6530509&sort=MOST_RECENT&page=5
0fd8e23cca352854a7ae750538684cc6,0d0f3072a616e8e8501c37ff,Apple Pre-Owned iPhone 12 5G 64GB (Unlocked) Black A2172,2023-03-10,Lucy,So far so good. The Iphone came in good condition.,4,True,https://www.bestbuy.com/site/reviews/apple-pre-owned-iphone-12-5g-64gb-unlocked-black/6530509?variant=A&skuId=6530509&sort=MOST_RECENT&page=5
0fd8e23cca352854a7ae750538684cc6,696936748d4d5596430bb9ff,Apple Pre-Owned iPhone 12 5G 64GB (Unlocked) Black A2172,2023-02-15,JohnnyG,Phone works but all after market chords and cables (non-OEM). I thought i would receive a better discount but did see similar/better offers just after purchase.,3,False,https://www.bestbuy.com/site/reviews/apple-pre-owned-iphone-12-5g-64gb-unlocked-black/6530509?variant=A&skuId=6530509&sort=MOST_RECENT&page=5
0fd8e23cca352854a7ae750538684cc6,58d93c4fa5db99fb57ad362f,Apple Pre-Owned iPhone 12 5G 64GB (Unlocked) Black A2172,2023-02-11,Spin4x4,Excellent condition great battery life its a phone,5,True,https://www.bestbuy.com/site/reviews/apple-pre-owned-iphone-12-5g-64gb-unlocked-black/6530509?variant=A&skuId=6530509&sort=MOST_RECENT&page=5
0fd8e23cca352854a7ae750538684cc6,ed7c3cebac5d841af0ee23fe,Apple Pre-Owned iPhone 12 5G 64GB (Unlocked) Black A2172,2023-02-03,May34,Item arrived a damaged box and not an apple box or charger.,1,False,https://www.bestbuy.com/site/reviews/apple-pre-owned-iphone-12-5g-64gb-unlocked-black/6530509?variant=A&skuId=6530509&sort=MOST_RECENT&page=5
0fd8e23cca352854a7ae750538684cc6,d02b3e10b6e3ce703fcab1a7,Apple Pre-Owned iPhone 12 5G 64GB (Unlocked) Black A2172,2023-02-01,Erikika88,It came like brand new everything working its perfect,5,True,https://www.bestbuy.com/site/reviews/apple-pre-owned-iphone-12-5g-64gb-unlocked-black/6530509?variant=A&skuId=6530509&sort=MOST_RECENT&page=5
0fd8e23cca352854a7ae750538684cc6,598130b6b945adedca05720c,Apple Pre-Owned iPhone 12 5G 64GB (Unlocked) Black A2172,2023-01-30,Oso125,The phone came in perfect condition and on time screen works and the phone is unlocked.,5,True,https://www.bestbuy.com/site/reviews/apple-pre-owned-iphone-12-5g-64gb-unlocked-black/6530509?variant=A&skuId=6530509&sort=MOST_RECENT&page=6
0fd8e23cca352854a7ae750538684cc6,e1523f75a3e8b27d2eb9b9ca,Apple Pre-Owned iPhone 12 5G 64GB (Unlocked) Black A2172,2023-01-27,JalenG,I purchased this for my mom and she loves it. No complaints and no damage to the phone,5,True,https://www.bestbuy.com/site/reviews/apple-pre-owned-iphone-12-5g-64gb-unlocked-black/6530509?variant=A&skuId=6530509&sort=MOST_RECENT&page=6
0fd8e23cca352854a7ae750538684cc6,c6e93ea1961987293b03ec9c,Apple Pre-Owned iPhone 12 5G 64GB (Unlocked) Black A2172,2023-01-27,KarenP,Some scratches on back and top of phone. Battery utilization at 88% I felt it could have been higher,3,True,https://www.bestbuy.com/site/reviews/apple-pre-owned-iphone-12-5g-64gb-unlocked-black/6530509?variant=A&skuId=6530509&sort=MOST_RECENT&page=6
0fd8e23cca352854a7ae750538684cc6,9849322181be9fb10362cf76,Apple Pre-Owned iPhone 12 5G 64GB (Unlocked) Black A2172,2023-01-26,Wisconsinpro,I love this iphone so much and i think you should get one,5,True,https://www.bestbuy.com/site/reviews/apple-pre-owned-iphone-12-5g-64gb-unlocked-black/6530509?variant=A&skuId=6530509&sort=MOST_RECENT&page=6
0fd8e23cca352854a7ae750538684cc6,285b3c83b13addf469a441e6,Apple Pre-Owned iPhone 12 5G 64GB (Unlocked) Black A2172,2023-01-24,Jcoop,The multiple negative reviews scared me but I figured Id give it a shot and just return it if it was scuffed or damaged. Ended up getting what looked like a brand new phone but in a non-apple box. Got it as a gift and just replaced the box and everything turned out fine. Turned on and all seems to working well!,5,True,https://www.bestbuy.com/site/reviews/apple-pre-owned-iphone-12-5g-64gb-unlocked-black/6530509?variant=A&skuId=6530509&sort=MOST_RECENT&page=6
0fd8e23cca352854a7ae750538684cc6,1a973c32a54c8c7f532d1143,Apple Pre-Owned iPhone 12 5G 64GB (Unlocked) Black A2172,2023-01-06,Elmeromro,I buyed for christmas present (santa claus) and never works correctly every 3 minutes is reset 4 itself,1,False,https://www.bestbuy.com/site/reviews/apple-pre-owned-iphone-12-5g-64gb-unlocked-black/6530509?variant=A&skuId=6530509&sort=MOST_RECENT&page=6
0fd8e23cca352854a7ae750538684cc6,f8043ddc8d78d9ea8afd8f92,Apple Pre-Owned iPhone 12 5G 64GB (Unlocked) Black A2172,2023-01-06,luusaenz31,Conditions was not the best one but it works very well yes I would recommend to a friend.,5,True,https://www.bestbuy.com/site/reviews/apple-pre-owned-iphone-12-5g-64gb-unlocked-black/6530509?variant=A&skuId=6530509&sort=MOST_RECENT&page=6
0fd8e23cca352854a7ae750538684cc6,07e5360f8548a542e2fba75b,Apple Pre-Owned iPhone 12 5G 64GB (Unlocked) Black A2172,2023-01-03,Jpistons,Its in Great condition and working as if it was brand new,5,True,https://www.bestbuy.com/site/reviews/apple-pre-owned-iphone-12-5g-64gb-unlocked-black/6530509?variant=A&skuId=6530509&sort=MOST_RECENT&page=6
0fd8e23cca352854a7ae750538684cc6,15273345bab5329cc7b1835f,Apple Pre-Owned iPhone 12 5G 64GB (Unlocked) Black A2172,2022-12-23,L3ndie,Good value for money big save for good quality iphone,4,True,https://www.bestbuy.com/site/reviews/apple-pre-owned-iphone-12-5g-64gb-unlocked-black/6530509?variant=A&skuId=6530509&sort=MOST_RECENT&page=6
0fd8e23cca352854a7ae750538684cc6,0fcf3e5eabd2365e6213003e,Apple Pre-Owned iPhone 12 5G 64GB (Unlocked) Black A2172,2022-12-11,DeborahM,I purchased this phone at Best Buy online it was bought as unlocked and refurbished.This phone was purchased in November 2022. The phone is locked. Apparently this phone was not inspected or reset. This was a gift that was sent overseas.The user is unable to reset the phone. The screen is asking for the Apple ID and Password,1,False,https://www.bestbuy.com/site/reviews/apple-pre-owned-iphone-12-5g-64gb-unlocked-black/6530509?variant=A&skuId=6530509&sort=MOST_RECENT&page=6
0fd8e23cca352854a7ae750538684cc6,1e2438a28f38cc6ba2aa6473,Apple Pre-Owned iPhone 12 5G 64GB (Unlocked) Black A2172,2022-12-10,Openboxitems,Excellent coverage of cellphone calls texting and messaging,4,True,https://www.bestbuy.com/site/reviews/apple-pre-owned-iphone-12-5g-64gb-unlocked-black/6530509?variant=A&skuId=6530509&sort=MOST_RECENT&page=6
0fd8e23cca352854a7ae750538684cc6,8103387eb11fa6a648767c11,Apple Pre-Owned iPhone 12 5G 64GB (Unlocked) Black A2172,2022-12-10,Jsfx93,It didnt come in an apple box and the phone had damage to the side and scratches all over the back im getting a refund,1,False,https://www.bestbuy.com/site/reviews/apple-pre-owned-iphone-12-5g-64gb-unlocked-black/6530509?variant=A&skuId=6530509&sort=MOST_RECENT&page=6
0fd8e23cca352854a7ae750538684cc6,985a3c7d925fc8a04927e248,Apple Pre-Owned iPhone 12 5G 64GB (Unlocked) Black A2172,2022-12-09,WilliamM,Still dont have the product. Twelve days and counting. No update on when to expect to receive it. No means to contact anyone. Online tracking just says delayed. This is like an overbooked airline sold me something they cant deliver. Very disappointed.,1,False,https://www.bestbuy.com/site/reviews/apple-pre-owned-iphone-12-5g-64gb-unlocked-black/6530509?variant=A&skuId=6530509&sort=MOST_RECENT&page=6
0fd8e23cca352854a7ae750538684cc6,ca0036e693befc0ca2d16be3,Apple Pre-Owned iPhone 12 5G 64GB (Unlocked) Black A2172,2022-11-11,LizLoves,Phone would not charge. Very disappointed I had to carry it back,1,False,https://www.bestbuy.com/site/reviews/apple-pre-owned-iphone-12-5g-64gb-unlocked-black/6530509?variant=A&skuId=6530509&sort=MOST_RECENT&page=6
0fd8e23cca352854a7ae750538684cc6,8b8c367481877580cb241583,Apple Pre-Owned iPhone 12 5G 64GB (Unlocked) Black A2172,2022-10-28,user424917,I love the phone no other issues other than the battery life it dies pretty quick.,4,True,https://www.bestbuy.com/site/reviews/apple-pre-owned-iphone-12-5g-64gb-unlocked-black/6530509?variant=A&skuId=6530509&sort=MOST_RECENT&page=6
0fd8e23cca352854a7ae750538684cc6,e7d636b59bae187dd63c094e,Apple Pre-Owned iPhone 12 5G 64GB (Unlocked) Black A2172,2022-10-25,YanethS,the phone is in good condition maybe if it was in its original box it would be better but thats fine,5,True,https://www.bestbuy.com/site/reviews/apple-pre-owned-iphone-12-5g-64gb-unlocked-black/6530509?variant=A&skuId=6530509&sort=MOST_RECENT&page=6
0fd8e23cca352854a7ae750538684cc6,ded0347ba9044c27874b8093,Apple Pre-Owned iPhone 12 5G 64GB (Unlocked) Black A2172,2022-10-21,MarcusP,The phone is falling apart. Camera not looking right around the edges its like the paint is pealing offf from in.,1,False,https://www.bestbuy.com/site/reviews/apple-pre-owned-iphone-12-5g-64gb-unlocked-black/6530509?variant=A&skuId=6530509&sort=MOST_RECENT&page=6
0fd8e23cca352854a7ae750538684cc6,f766387781dc584d4f83e979,Apple Pre-Owned iPhone 12 5G 64GB (Unlocked) Black A2172,2022-10-18,Mrtonytoca,Good value for the price. Not much different than any new iphone that is out now,5,True,https://www.bestbuy.com/site/reviews/apple-pre-owned-iphone-12-5g-64gb-unlocked-black/6530509?variant=A&skuId=6530509&sort=MOST_RECENT&page=6
0fd8e23cca352854a7ae750538684cc6,95833819beabdd7ed4deaa7f,Apple Pre-Owned iPhone 12 5G 64GB (Unlocked) Black A2172,2022-09-03,Elsa,It performs as well as a new one for what I need it to do.,5,True,https://www.bestbuy.com/site/reviews/apple-pre-owned-iphone-12-5g-64gb-unlocked-black/6530509?variant=A&skuId=6530509&sort=MOST_RECENT&page=6
0fd8e23cca352854a7ae750538684cc6,8c103091909c167a89a58212,Apple Pre-Owned iPhone 12 5G 64GB (Unlocked) Black A2172,2022-08-15,People,Love the price its a good phone picture come out great,5,True,https://www.bestbuy.com/site/reviews/apple-pre-owned-iphone-12-5g-64gb-unlocked-black/6530509?variant=A&skuId=6530509&sort=MOST_RECENT&page=6
